{
  "train_accuracy": 0.9527479213141351,
  "val_accuracy": 0.8522727272727273,
  "test_accuracy": 0.8573743922204214,
  "train_loss": 0.047252078685864896,
  "val_loss": 0.1477272727272727,
  "classes": [
    "High",
    "Low",
    "Medium"
  ],
  "feature_count": 5000,
  "train_samples": 4931,
  "val_samples": 616,
  "test_samples": 617
}